model,bin,sample_id,n_res,c_rmsd_raw_A,c_rmsd_aligned_A,interface_rmsd_ca_A,dockq,fnat,irms_dockq_A,lrms_dockq_A
tinyfold_phase_d,clean_200_400,1dm0.pdb1_3,333,29.422086715698242,20.687942645944002,10.56481634123516,0.043560688823340965,0,11.593460033923547,23.670958049514685
tinyfold_phase_d,clean_200_400,1j3r.pdb1_0,372,28.534385681152344,21.441923653962256,19.288947027908648,0.02080607610484068,0,18.90918543519085,34.84452679112312
tinyfold_phase_d,clean_200_400,1kqa.pdb1_0,400,25.948198318481445,19.911321935553126,20.34104168290274,0.011730217737232151,0,19.11733040491762,49.12196237427817
tinyfold_phase_d,clean_200_400,1nqu.pdb1_4,308,30.860708236694336,17.610034042400315,18.63465319887629,0.024984032492717592,0,16.72650836237741,31.725778721906316
tinyfold_phase_d,clean_200_400,1s55.pdb1_1,312,22.18084144592285,15.38821190753226,12.434818189520321,0.018011488971259534,0,11.519070580491826,43.14652737642314
tinyfold_phase_d,clean_200_400,1s57.pdb1_2,306,27.149364471435547,13.497837831992006,11.526317111922298,0.04811601782672978,0,10.37865426626787,22.604014609364768
tinyfold_phase_d,clean_200_400,1s5d.pdb1_2,321,31.130407333374023,22.362171369020455,28.523466607331535,0.008361419118640539,0,15.531602265874326,66.9928641052121
tinyfold_phase_d,clean_200_400,1slc.pdb2_0,267,14.296079635620117,12.099631939475175,14.24114084830243,0.08394897242965989,0,11.148933121773934,15.37602147945476
tinyfold_phase_d,clean_200_400,1tnf.pdb1_1,304,27.62724494934082,21.867337354550905,19.788564987134652,0.02509600660612084,0,18.198080202729063,31.335002915917254
tinyfold_phase_d,clean_200_400,1ww6.pdb1_0,320,29.112430572509766,19.565855249457822,19.49071720440296,0.012009763741957405,0,16.238683129102576,50.48225063717476
tinyfold_phase_d,clean_200_400,1wwr.pdb3_2,305,24.688732147216797,22.51211157999563,25.386862946515922,0.008155558926685177,0,20.79974409454464,60.602515971310794
tinyfold_phase_d,clean_200_400,2aqp.pdb1_0,310,23.202842712402344,18.11521663376548,17.4537001780774,0.018176313323769417,0,17.068338197379152,38.33296350701102
tinyfold_phase_d,clean_200_400,2b24.pdb1_4,330,28.360246658325195,19.274127364675977,20.300081863742818,0.014038329374699962,0,17.44272049893301,44.782266279254564
tinyfold_phase_d,clean_200_400,2cfa.pdb1_0,357,29.819704055786133,24.784786525749514,23.403395478576126,0.02173011121200655,0.029411764705882353,17.723238348119335,49.47842358499774
tinyfold_phase_d,clean_200_400,2ed6.pdb2_1,340,26.008859634399414,21.079927900124602,20.77273900721431,0.023830411074161267,0,21.25951396284505,31.837106404470223
tinyfold_phase_d,clean_200_400,3a98.pdb1_0,338,30.44032096862793,24.364605497219838,27.807243239819954,0.02601530347701453,0,22.53072198933996,30.149060236796878
tinyfold_phase_d,clean_200_400,3aqt.pdb1_0,379,33.1672248840332,22.37231898217933,16.64803324296858,0.01748558740388931,0,15.888035383637453,39.799739218971624
tinyfold_phase_d,clean_200_400,3b2e.pdb2_3,374,28.45732879638672,25.82035662122561,22.735673257596197,0.0,0.0,inf,inf
tinyfold_phase_d,clean_200_400,3cfa.pdb1_7,328,33.93123245239258,21.729169179239673,17.947211339752393,0.0,0.0,inf,inf
tinyfold_phase_d,clean_200_400,3cfh.pdb1_0,328,24.485958099365234,19.978438059020114,19.251826268087974,0.01298901293698798,0,19.45417937285538,45.97131346378267
tinyfold_phase_d,clean_200_400,3hm2.pdb1_1,336,29.92784881591797,18.374586635421124,21.212596799479137,0.021610006904159554,0,17.322729378622757,34.44894129740384
tinyfold_phase_d,clean_200_400,3hm2.pdb1_3,336,42.41901779174805,24.21895068773114,24.648127904843385,0.01500299903319196,0,16.78762470038194,43.31040686826966
tinyfold_phase_d,clean_200_400,3hm2.pdb2_3,334,38.379695892333984,27.02713318721086,24.051370001519075,0.008816806199247395,0,20.33195560422385,57.984181816328935
tinyfold_phase_d,clean_200_400,3p7x.pdb1_1,329,31.288318634033203,18.76055149957628,16.606789625744575,0.024206713780518183,0,15.116101707797345,32.81709469729406
tinyfold_phase_d,clean_200_400,3sw5.pdb1_0,345,34.54023742675781,23.10414086871586,21.714774698851024,0.007680121969183824,0,21.71193688101087,62.27337583247495
tinyfold_phase_d,clean_200_400,3sw5.pdb1_10,344,24.606670379638672,21.971344799689074,20.685648767235364,0.015935566966721642,0,17.834925307019574,41.22293559156525
tinyfold_phase_d,clean_200_400,3sw5.pdb1_11,344,24.949432373046875,22.76885617567689,21.66399612638487,0.01890808922604859,0,20.69451862116001,36.479015607186156
tinyfold_phase_d,clean_200_400,4cfg.pdb1_0,320,52.0675048828125,50.93775764064033,47.810972496870725,0.006558661939865144,0,49.732822654926636,61.46193044251473
tinyfold_phase_d,clean_200_400,5a9d.pdb1_0,378,30.562259674072266,22.53404558964586,20.239461326266305,0.019088951689836275,0,18.451812008900124,36.77976419265708
tinyfold_phase_d,clean_200_400,5dm7.pdb1_7,338,48.25318145751953,31.20423417991793,26.698273952649608,0.01353616911682727,0,17.764168393452522,45.63557149459507
tinyfold_phase_d,clean_400_600,1kqb.pdb2_0,432,22.721769332885742,20.069641780017378,18.769531809709786,0.05956523855301116,0.09090909090909091,18.858477202563265,28.535155190429546
tinyfold_phase_d,clean_400_600,1kqb.pdb3_0,432,24.286148071289062,20.61667704148421,19.279649690151377,0.04336608536640508,0,19.46607634193911,22.571975686047683
tinyfold_phase_d,clean_400_600,1oik.pdb1_0,494,34.20790100097656,22.583712640499982,18.992547085203224,0.019178783620595732,0,17.197389606082453,37.05609420646679
tinyfold_phase_d,clean_400_600,1p7h.pdb2_0,572,45.43013381958008,32.04404085686053,38.759943719555906,0.006714079261458228,0,27.3167494462611,64.37397734947103
tinyfold_phase_d,clean_400_600,2cfc.pdb1_0,500,24.43458366394043,21.672631990393533,18.971130902704825,0.015290310039660365,0,18.08713224888322,42.17115053564463
tinyfold_phase_d,clean_400_600,2eb6.pdb1_1,534,26.98972511291504,25.576785061009527,19.461343499238378,0.0,0.0,inf,inf
tinyfold_phase_d,clean_400_600,2p7h.pdb1_0,449,26.711151123046875,22.918056252419397,15.845222082354384,0.01712082311269908,0,17.751294116956785,39.49280192830058
tinyfold_phase_d,clean_400_600,2p7h.pdb1_2,449,29.822307586669922,25.692386471476837,28.82565820415673,0.00994282011354595,0,16.67791758066044,56.93257077376986
tinyfold_phase_d,clean_400_600,3a9l.pdb1_0,414,29.767166137695312,20.204792958982612,17.477295158048392,0.02090361653703754,0,13.958015071080364,36.55541435429409
tinyfold_phase_d,clean_400_600,3b2t.pdb1_0,575,35.39973068237305,25.31267811757408,25.700365482836546,0.008609888032447364,0,23.567727220400936,56.94477953193573
tinyfold_phase_d,clean_400_600,3dmp.pdb1_0,428,22.890649795532227,21.528009844789743,16.441225875641816,0.013940321258163512,0,15.933987891326625,45.98594305041467
tinyfold_phase_d,clean_400_600,3eb2.pdb1_2,581,33.25205612182617,24.003384415026485,17.8118258614656,0.011867532109651793,0,17.71742480283243,49.639642697698505
tinyfold_phase_d,clean_400_600,3ebb.pdb1_0,519,33.421451568603516,24.741647678583814,23.215645754385523,0.012102391359833382,0,20.3265963673797,47.609040904007074
tinyfold_phase_d,clean_400_600,3ebb.pdb2_0,519,30.26858139038086,26.126260342286024,25.54156035331976,0.014894666081685852,0,21.62167449102171,41.69881212159681
tinyfold_phase_d,clean_400_600,3hml.pdb1_0,473,29.167327880859375,21.48379944965124,21.52474779600675,0.021962247921684653,0,19.699891382596785,33.60749423215927
tinyfold_phase_d,clean_400_600,3oid.pdb1_0,500,23.806821823120117,21.3035117091584,22.014036500886988,0.012119051896396673,0,17.43622630946958,49.1752641851645
tinyfold_phase_d,clean_400_600,3oid.pdb1_2,497,29.62627410888672,22.702016478376116,16.617883169882372,0.011764074258366524,0,16.644371048058538,50.79857272777883
tinyfold_phase_d,clean_400_600,3oid.pdb1_4,499,40.10321807861328,26.87661015784395,22.11331360988126,0.010311030712685876,0,16.474790633807817,55.75806237924071
tinyfold_phase_d,clean_400_600,3pj5.pdb1_0,446,28.087207794189453,20.777884538705425,17.479163195942032,0.0,0.0,inf,inf
tinyfold_phase_d,clean_400_600,3pja.pdb1_18,445,39.30978775024414,27.460877018408134,31.363556558864538,0.0,0.0,inf,inf
tinyfold_phase_d,clean_400_600,3pja.pdb1_3,427,39.24435806274414,28.081442987020257,30.25343920613048,0.005849306067385997,0,27.016507635800586,70.13703157892292
tinyfold_phase_d,clean_400_600,3pja.pdb1_7,439,32.775787353515625,25.87959214194934,23.125480651530278,0.009486906448643764,0,17.728572624785592,57.54447937460913
tinyfold_phase_d,clean_400_600,3pjf.pdb1_0,504,30.38764762878418,23.507178755382583,21.46258861360293,0.02627241370070912,0,18.654068953031786,30.42659383830557
tinyfold_phase_d,clean_400_600,3s5u.pdb1_1,421,46.44370651245117,36.0909238420788,32.28260081923673,0.005482944585790533,0,28.202572169799577,72.31415453955287
tinyfold_phase_d,clean_400_600,3slb.pdb2_0,512,36.649105072021484,22.437718644441272,22.565404210054457,0.01847607309518187,0,22.651934933907967,36.64269506621594
tinyfold_phase_d,clean_400_600,3sll.pdb1_2,522,30.503976821899414,21.234971721157045,22.057598825221145,0.01630887906564889,0,19.201190863714086,40.16759511242096
tinyfold_phase_d,clean_400_600,3tnp.pdb1_1,540,59.38898468017578,35.50968755741864,36.321645745316545,0.0060065797035641815,0,31.546732966641194,67.1638578127872
tinyfold_phase_d,clean_400_600,4dmf.pdb1_0,586,32.654052734375,23.76512359549499,23.256737213190917,0.008694655546157183,0,18.57305057237288,60.110546470939546
tinyfold_phase_d,clean_400_600,4dmm.pdb2_0,477,28.787206649780273,21.881065348150997,18.78209285974492,0.010562007821516664,0,17.415429296943298,53.83575961248989
tinyfold_phase_d,clean_400_600,4j3f.pdb5_3,518,26.46082305908203,25.007406038315285,23.43474843627614,0.007006201054744836,0,18.782289553345446,69.63528795739461
tinyfold_phase_d,clean_600_1000,1ebu.pdb2_0,716,30.653289794921875,25.627109552459224,23.23484000339777,0.009382604682440725,0,19.617238089143925,56.23665266845063
tinyfold_phase_d,clean_600_1000,1ed9.pdb1_0,898,34.92005157470703,28.441100599617858,27.29846876086847,0.011540673026023565,0,24.151990274425483,47.69783995660194
tinyfold_phase_d,clean_600_1000,1nql.pdb1_0,660,38.92740249633789,34.82198346535141,33.53466668032466,0.0125882040578811,0,29.08878428163877,44.55801644403713
tinyfold_phase_d,clean_600_1000,1nqo.pdb1_0,668,35.54493713378906,26.004566069683285,20.12406413118846,0.0,0.0,inf,inf
tinyfold_phase_d,clean_600_1000,1p73.pdb2_0,643,27.485401153564453,23.40099124837641,22.74007321868436,0.023159771143392068,0,21.81250237196139,32.298478132394564
tinyfold_phase_d,clean_600_1000,1tny.pdb5_0,660,34.420528411865234,23.876276388808247,22.791502110919428,0.02816031995438044,0,23.51928066158069,28.74105198609675
tinyfold_phase_d,clean_600_1000,2aq7.pdb1_0,807,35.037322998046875,23.82848171081437,21.636135516330764,0.01169751412021585,0,20.54661080192518,48.507427611642726
tinyfold_phase_d,clean_600_1000,2b24.pdb1_3,880,33.76845169067383,32.020523576412316,27.635958129044027,0.007293281963152068,0,24.994297852314403,62.271601422719165
tinyfold_phase_d,clean_600_1000,2hmf.pdb1_1,928,37.34907150268555,33.5038836802445,27.226327348246553,0.006587679925114202,0,20.117123343849965,70.73608520408801
tinyfold_phase_d,clean_600_1000,2j3j.pdb1_0,681,35.63120651245117,27.40980788318149,19.931844219843516,0.007755496319577448,0,18.693765112625297,64.8900988972573
tinyfold_phase_d,clean_600_1000,2nqr.pdb1_0,807,40.279659271240234,34.87573956140062,35.81395520670297,0.01301493054776851,0,32.26678342351465,43.43226767940438
tinyfold_phase_d,clean_600_1000,3a9w.pdb1_0,624,30.016891479492188,27.443503954343736,22.312848318712625,0.011711615254803668,0,16.890337581166612,50.72802952381387
tinyfold_phase_d,clean_600_1000,3cf4.pdb2_0,935,34.590232849121094,30.07824794243342,25.268908957537114,0.01164486020197937,0,21.116303717249284,48.40468419784287
tinyfold_phase_d,clean_600_1000,3oix.pdb1_0,606,28.509521484375,24.475016126651415,23.85003597548468,0.011034514396985278,0,21.483387785484986,49.85053593868964
tinyfold_phase_d,clean_600_1000,3oix.pdb2_0,606,28.782590866088867,25.034362629707,24.72990244016544,0.011926583005218672,0,23.384699234336267,46.99168178488558
tinyfold_phase_d,clean_600_1000,3oix.pdb3_0,605,26.9261531829834,24.596576310776133,23.120490190453555,0.04606101342591146,0.10256410256410256,21.987757856036943,47.53321139295121
tinyfold_phase_d,clean_600_1000,3slg.pdb2_0,635,31.312870025634766,28.55262199672449,22.592398964558054,0.009200653032286194,0,18.667490734872175,57.77466077834058
tinyfold_phase_d,clean_600_1000,3wwz.pdb1_0,657,39.93634796142578,27.0885566788636,25.455090889377633,0.008986387596716496,0,22.15336981693289,56.15913859008059
tinyfold_phase_d,clean_600_1000,4a97.pdb1_4,614,43.97809982299805,31.806538486173753,28.89206835454008,0.01999893943013342,0,28.193867880206003,34.517110748819256
tinyfold_phase_d,clean_600_1000,4a9w.pdb1_0,660,32.977760314941406,26.108937287503245,20.380683935251035,0.013181289997777396,0,20.824324760321655,45.04586730194956
tinyfold_phase_d,clean_600_1000,4aq2.pdb1_6,845,37.974544525146484,32.88479650805145,30.419110626708495,0.012354865604426245,0,25.530405273723996,45.56841842500751
tinyfold_phase_d,clean_600_1000,4ebf.pdb1_0,646,34.3628044128418,27.59367304330644,25.50494749759088,0.008564212212423549,0,23.09599079500001,57.35342050610408
tinyfold_phase_d,clean_600_1000,4pj1.pdb1_11,626,48.985572814941406,39.3935336283347,44.17128054883473,0.0070131822597627935,0,34.11081036942945,60.89814947414248
tinyfold_phase_d,clean_600_1000,4pj1.pdb1_45,626,48.36543655395508,39.07136770158485,46.88420417743516,0.00777673975892547,0,31.276765032693618,57.986463264067076
tinyfold_phase_d,clean_600_1000,4pj1.pdb1_56,634,53.13365173339844,40.19423541223035,42.06868830823424,0.007309089937759021,0,32.514334978478104,59.80047481579427
tinyfold_phase_d,clean_600_1000,4tnp.pdb1_1,960,36.65039825439453,29.490365963435334,31.03480272536933,0.01821558890157169,0,26.58849725093952,36.48789685154886
tinyfold_phase_d,clean_600_1000,4tnp.pdb1_5,965,36.961910247802734,31.04855139099341,29.350177106618812,0.0,0.0,inf,inf
tinyfold_phase_d,clean_600_1000,4tnx.pdb1_2,964,30.251928329467773,29.662274856306425,22.24131138096195,0.008721039864679026,0,21.201429106485726,57.78049129348438
tinyfold_phase_d,clean_600_1000,4tny.pdb1_2,962,40.73012924194336,29.152033158456902,24.077624605669946,0.00958558161365526,0,22.26202323058731,53.93230758993214
tinyfold_phase_d,clean_600_1000,5dm3.pdb7_2,781,43.0673942565918,27.4662123876272,23.761838957534803,0.05599663477198671,0.13333333333333333,19.21781551366799,49.53647932676392
tinyfold_phase_d,clean_ge1000,1a9x.pdb3_0,1436,45.2213134765625,34.760755093502496,29.805717668347356,0.005415783045158104,0,26.15778332917827,74.1512079540068
tinyfold_phase_d,clean_ge1000,1a9x.pdb4_0,1436,43.181983947753906,34.334460109559785,29.698771357252465,0.005591407808328974,0,25.66062540026138,73.02129808741894
tinyfold_phase_d,clean_ge1000,1aqf.pdb2_5,1038,45.69493865966797,34.820150773789365,28.653605957855333,0.004392429079117174,0,25.28142134443699,86.02222723806955
tinyfold_phase_d,clean_ge1000,1p7z.pdb1_0,1454,47.48577117919922,41.742610228441485,36.84314041862557,0.0043222186906011015,0,33.0339049414287,80.93644741154074
tinyfold_phase_d,clean_ge1000,1p7z.pdb1_5,1454,50.799278259277344,41.48618117825647,36.04526207092106,0.004299933648638014,0,33.29246213463962,81.06834629481853
tinyfold_phase_d,clean_ge1000,1pjl.pdb1_0,1074,43.55146789550781,37.79734395098661,31.630250787702135,0.007891514127456424,0,26.537304826779778,58.76994441368255
tinyfold_phase_d,clean_ge1000,1pjl.pdb1_1,1074,50.850982666015625,44.208807608667655,34.482872871523945,0.0,0.0,inf,inf
tinyfold_phase_d,clean_ge1000,1pjl.pdb2_1,1074,50.15743637084961,45.87748444143346,32.972134346903665,0.003562636047348473,0,29.866264481334294,93.64354974450899
tinyfold_phase_d,clean_ge1000,1pjl.pdb2_5,1074,47.56269836425781,38.63381813187623,35.418767701336,0.005786819686191308,0,30.244949073265843,69.09792611833403
tinyfold_phase_d,clean_ge1000,2ww2.pdb1_1,1474,44.17500305175781,37.86156756261328,27.16016692413724,0.010670630933463899,0,24.49393778261705,49.82926454901026
tinyfold_phase_d,clean_ge1000,2ww2.pdb1_2,1474,41.888267517089844,39.38214422911855,37.18801120986297,0.008900910377229163,0,26.29214385214743,54.842177118643086
tinyfold_phase_d,clean_ge1000,3a9s.pdb1_2,1178,35.245277404785156,33.459650569907204,29.723903700055693,0.010681095091929008,0,24.44664348854834,49.81387764027482
tinyfold_phase_d,clean_ge1000,3a9t.pdb1_2,1178,34.2318229675293,33.41041133091023,30.492614083052743,0.009505386963177551,0,25.974950932852515,52.874153856210185
tinyfold_phase_d,clean_ge1000,3b2d.pdb1_0,1202,58.55210494995117,44.03898893825177,29.96768413268211,0.0,0.0,inf,inf
tinyfold_phase_d,clean_ge1000,3edj.pdb1_0,1194,40.48393630981445,32.44366727295604,28.906326364214742,0.004593341281765476,0,26.29732217633258,82.36828033610777
tinyfold_phase_d,clean_ge1000,3kqx.pdb1_6,1020,39.48681640625,30.02760318171818,30.65352031094247,0.017098732523297726,0,20.26747286699735,38.776169215377735
tinyfold_phase_d,clean_ge1000,3kqx.pdb1_8,1027,46.01833724975586,30.78363375681791,27.389815582025545,0.007436708134806187,0,23.693862155847327,62.22457535013728
tinyfold_phase_d,clean_ge1000,3kqx.pdb1_9,1023,54.48455047607422,34.08674669573346,29.22451430954957,0.005454131333084383,0,25.750748629798682,74.11947653165213
tinyfold_phase_d,clean_ge1000,4b2d.pdb1_4,1032,47.32337188720703,35.563143724857376,29.33887880434743,0.004763494631337919,0,26.71619566250186,80.05438839266793
tinyfold_phase_d,clean_ge1000,4eba.pdb1_0,1143,56.6318244934082,41.93183860942303,37.40367113206858,0.004694878146364777,0,30.166332313186366,78.3991551699507
tinyfold_phase_d,clean_ge1000,4hmk.pdb3_0,1007,34.140235900878906,30.583359152672426,26.024221867449665,0.0,0.0,inf,inf
tinyfold_phase_d,clean_ge1000,4oir.pdb1_3,1339,64.39049530029297,42.372187963351664,33.392959222293584,0.0044796870565014186,0,23.929608823547802,86.67705914830705
tinyfold_phase_d,clean_ge1000,4p74.pdb1_2,1035,60.99126052856445,46.5626007273663,45.514874483107924,0.012571753499684904,0,33.506330511641316,44.16675696261004
tinyfold_phase_d,clean_ge1000,4p75.pdb1_3,1026,51.599891662597656,48.134627762565735,48.76392203142955,0.009804381242016507,0,32.1154243687134,50.79813774020009
tinyfold_phase_d,clean_ge1000,4p75.pdb1_4,1034,47.284820556640625,44.59032981241868,34.21281239193323,0.018612070332309008,0,34.19723860887341,35.606169667848825
tinyfold_phase_d,clean_ge1000,4pj1.pdb1_20,1052,51.74739456176758,42.40939776037124,25.294626595293803,0.006205277632842885,0,22.968842246534876,70.39818490540281
tinyfold_phase_d,clean_ge1000,4pj1.pdb1_31,1052,54.080535888671875,42.56271184528205,29.639772222877276,0.00687720170523722,0,24.382819464041184,64.90535482956187
tinyfold_phase_d,clean_ge1000,4pj1.pdb1_53,1052,42.392860412597656,34.61443380865245,32.83579214334936,0.007860093227341516,0,28.78214056232206,58.218488535167175
tinyfold_phase_d,clean_ge1000,4pj1.pdb1_55,1052,46.437496185302734,34.17429557215376,33.409705017343796,0.009516359302525108,0,28.85455981449915,52.17562093007771
tinyfold_phase_d,clean_ge1000,4pj1.pdb1_7,1052,39.79884338378906,35.1332338001114,32.38163325746744,0.008106745137258902,0,30.50398872006497,56.79465308825646
